English Title,Tagalog Title,Meaning
Hospitality,Pagkamapagpatuloy,"Ipinakita ni Kapitan Tiago ang pagkamapagpatuloy sa marangyang salu-salo sa Kalye Anluwage upang salubungin si Crisostomo Ibarra mula Europa, gamit ang musika, pagkain, at magagarang dekorasyon."
Hospitality,Pagkamapagpatuloy,"Ang paghihiwalay ng mga babae at lalaki sa pagtitipon ay nagpapakita kung paano nakapaloob ang kaugalian ng simbahan sa konsepto ng pagkamapagpatuloy."
Hospitality,Pagkamapagpatuloy,"Ginamit ni Kapitan Tiago ang pagkamapagpatuloy upang mapalapit sa mga prayle at opisyal, isang taktika ng pagkakaroon ng impluwensiya sa lipunan."
Hospitality,Pagkamapagpatuloy,"Sa handaan, ang tinolang inihain kay Padre Damaso ay puro leeg at pakpak, na sumasalamin sa mapanlinlang na anyo ng pagkamapagpatuloy na may halong tensyon."
Hospitality,Pagkamapagpatuloy,"Ang magagarbong porselana, muwebles, at pintura sa bahay ni Kapitan Tiago ay ginamit bilang pagpapakita ng pakitang-taong pagkamapagpatuloy."
Hospitality,Pagkamapagpatuloy,"Sa pagtitipon, ipinakita ang kabutihang-loob sa mga panauhin ngunit may halong layunin na makuha ang pabor ng simbahan at pamahalaan."
Hospitality,Pagkamapagpatuloy,"Ang musika ng orkestra at magagarang damit ng mga panauhin ay naging bahagi ng kolonyal na pamantayan ng pagkamapagpatuloy."
Hospitality,Pagkamapagpatuloy,"Ang pagbati at pag-aasikaso ng mga tauhan ni Kapitan Tiago sa mga bisita ay nagpakita ng anyo ng mainit na pagtanggap."
Hospitality,Pagkamapagpatuloy,"Ang pag-imbita sa mga tanyag na bisita ay ginamit na estratehiya upang mapanatili ang mataas na reputasyon ng pamilya."
Hospitality,Pagkamapagpatuloy,"Ang salu-salo ay hindi lamang simpleng pagtanggap kundi simbolo ng ambisyong makaangat sa lipunan gamit ang anyo ng pagkamapagpatuloy."
Religion,Relihiyon,"Sa Noli Me Tangere, ang relihiyon ay ipinakita bilang haligi ng lipunan ngunit ginamit ng mga pari tulad nina Padre Damaso at Padre Salvi bilang kasangkapan ng kapangyarihan."
Religion,Relihiyon,"Si Kapitan Tiago ay nagkukunwaring deboto, nagbibigay ng abuloy at misa upang mapalapit sa simbahan ngunit hindi tunay na nagsasagawa ng pananampalataya."
Religion,Relihiyon,"Ipinagbawal ng mga prayle ang malayang edukasyon, gamit ang relihiyon upang pigilan ang kaalaman ng mga Pilipino."
Religion,Relihiyon,"Si Don Rafael ay tumangging mangumpisal bilang prinsipyo, na nagpakita ng salungatan ng personal na paniniwala laban sa mapang-aping simbahan."
Religion,Relihiyon,"Si Elías ay nanalig sa Diyos ngunit tinanggihan ang pagkukunwari at pang-aabuso ng mga pari bilang anyo ng tunay na pananampalataya."
Religion,Relihiyon,"Ang mga prusisyon at pista ay ginamit ng mga prayle upang mangalap ng yaman at impluwensiya kaysa sa pagpapalalim ng pananampalataya."
Religion,Relihiyon,"Ginamit ni Padre Damaso ang relihiyon upang ipataw ang kapangyarihan, gaya ng pagpapahukay at paglilipat ng bangkay ni Don Rafael."
Religion,Relihiyon,"Ang pagkakaiba ng liwanag at dilim ay inihalintulad sa wagas na pananampalataya laban sa huwad na paniniwala."
Religion,Relihiyon,"Ipinakita sa simbahan ang doble-karang mukha: debosyon sa publiko ngunit katiwalian at kasakiman sa likod ng kapangyarihan."
Religion,Relihiyon,"Ang relihiyon ay ginamit bilang kasangkapan ng pananakop, hindi lamang paniniwala kundi paraan ng pamamahala sa isip at damdamin ng mga tao."
Power and Injustice,Kapangyarihan at Kawalang-Katarungan,"Si Don Rafael ay maling inakusahan bilang erehe at pilibustero, na nagpakita ng pang-aabuso ng kapangyarihan ng simbahan laban sa inosente."
Power and Injustice,Kapangyarihan at Kawalang-Katarungan,"Ang pagkamatay ni Don Rafael sa bilangguan ay sumasalamin sa kawalang-katarungan na dulot ng maling paratang at huwad na mga testigo."
Power and Injustice,Kapangyarihan at Kawalang-Katarungan,"Ang pagpapalayas kay Ibarra at ang pagsira sa kanyang reputasyon ay bunga ng galit at paghihiganti ni Padre Damaso gamit ang impluwensiya ng simbahan."
Power and Injustice,Kapangyarihan at Kawalang-Katarungan,"Ang kawalang-katarungan sa buhay nina Crispin at Basilio ay resulta ng kapangyarihan ng sakristan mayor at ng sistemang kolonyal."
Power and Injustice,Kapangyarihan at Kawalang-Katarungan,"Si Sisa ay sumailalim sa matinding hirap dahil sa kawalan ng hustisya, na sumasalamin sa kawalang-boses ng mga mahihirap sa lipunan."
Power and Injustice,Kapangyarihan at Kawalang-Katarungan,"Ang banggaan ng kura at alperes ay nagdulot ng mga patakarang mapanakit sa mga tao, gaya ng curfew na nakaapekto sa mga kabataan."
Power and Injustice,Kapangyarihan at Kawalang-Katarungan,"Ang pagpapahirap sa mga bilanggo na pinapalo ng gwardiya sibil ay kongkretong halimbawa ng pang-aabuso sa kapangyarihan."
Power and Injustice,Kapangyarihan at Kawalang-Katarungan,"Si Padre Salvi ay gumamit ng relihiyon upang takutin at kontrolin ang mga tao, nagpapakita ng ugnayan ng simbahan at kawalang-katarungan."
Power and Injustice,Kapangyarihan at Kawalang-Katarungan,"Ang mga huwad na saksi laban kay Don Rafael ay sumasalamin sa sistematikong katiwalian ng hustisya."
Power and Injustice,Kapangyarihan at Kawalang-Katarungan,"Si Tarsilo at ang kanyang mga kasamahan ay pinahirapan hanggang mamatay, na malinaw na larawan ng kawalang-katarungan sa ilalim ng kolonyal na kapangyarihan."
Education,Edukasyon,"Si Ibarra ay nagbalik mula Europa na may dalang ideya ng makabagong edukasyon upang maiangat ang kabataan sa San Diego."
Education,Edukasyon,"Pinlano ni Ibarra ang pagtatayo ng paaralan upang bigyan ng pagkakataon ang mga batang Pilipino na magkaroon ng kaalaman na hindi kontrolado ng simbahan."
Education,Edukasyon,"Si Pilosopo Tasyo ay sagisag ng katalinuhan na hindi kinikilala, dahil tinuring siyang baliw sa kabila ng kanyang karunungan."
Education,Edukasyon,"Ang pagbabawal sa mga Indio na matuto ng wikang Kastila ay patunay ng kolonyal na kontrol sa edukasyon."
Education,Edukasyon,"Itinuro ng guro kay Ibarra na ang karunungan ay liwanag laban sa dilim ng kamangmangan, na nagsilbing inspirasyon sa kanyang proyekto."
Education,Edukasyon,"Ang kawalan ng reporma sa mga paaralan sa ilalim ng pamahalaang Kastila ay nagpigil sa pag-unlad ng lipunan."
Education,Edukasyon,"Ipinakita ang kabiguan ng sistemang kolonyal sa pagpapahalaga sa kaalaman, na nagbunga ng pagkakait sa kabataan ng tamang edukasyon."
Education,Edukasyon,"Ang paghahambing ni Ibarra sa mga paaralan sa Europa at Pilipinas ay naglantad ng malaking agwat sa kaalaman at pamumuno."
Education,Edukasyon,"Naging simbolo ng pag-asa ang plano ni Ibarra sa paaralan, bagaman ito ay nahadlangan ng kapangyarihan ng simbahan."
Education,Edukasyon,"Si Elías ang nagpamulat kay Ibarra na hindi sapat ang edukasyon kung ito’y hawak pa rin ng tiwaling sistema."
Family and Honor,Pamilya at Dangál,"Ipinaglaban ni Ibarra ang alaala ng kanyang ama sa pamamagitan ng pagtatayo ng paaralan bilang tanda ng dangal ng kanilang pamilya."
Family and Honor,Pamilya at Dangál,"Si María Clara ay isinakripisyo ang sariling kalayaan upang itago ang lihim ng kanyang ina at mapanatili ang dangal ng pamilya."
Family and Honor,Pamilya at Dangál,"Ang kasaysayan ng pamilya ni Elías, mula sa yaman hanggang sa kahihiyan, ay nagtulak sa kanya tungo sa paghihirap at pakikibaka."
Family and Honor,Pamilya at Dangál,"Si Sisa ay nagpakita ng pagiging inang handang tiisin ang kahihiyan at sakit upang hanapin ang kanyang mga anak."
Family and Honor,Pamilya at Dangál,"Ang pakikipag-ugnayan nina Ibarra at María Clara ay hindi lamang pag-ibig kundi tunggalian ng dangal at obligasyon ng pamilya."
Family and Honor,Pamilya at Dangál,"Si Don Rafael ay nanindigan laban sa simbahan upang mapanatili ang kanyang dangal bilang isang makatarungang tao."
Family and Honor,Pamilya at Dangál,"Ang pagpapakasal na pinilit kay María Clara ay halimbawa ng sakripisyong ginawa para sa reputasyon ng pamilya."
Family and Honor,Pamilya at Dangál,"Si Elías ay nagtago ng kanyang tunay na pinagmulan upang hindi madungisan ang kanyang dangal at ang dangal ng iba."
Family and Honor,Pamilya at Dangál,"Ang plano ng kanilang mga magulang na ipakasal sina Ibarra at María Clara ay patunay ng ugnayan ng dangal at pakinabang."
Family and Honor,Pamilya at Dangál,"Ang dangal ng pamilya ay ipinakita bilang puwersang nakakapag-angat ngunit maaari ring maging pabigat sa kapalaran ng bawat tauhan."
Sacrifice,Pag-aalay at Pagsasakripisyo,"Itinuro ni Don Rafael kay Ibarra na kailangang magsakripisyo sa kasalukuyan para sa ikabubuti ng kinabukasan."
Sacrifice,Pag-aalay at Pagsasakripisyo,"Si Ibarra ay nagsakripisyo ng personal na kapakanan upang ipagpatuloy ang pangarap ng edukasyon para sa bayan."
Sacrifice,Pag-aalay at Pagsasakripisyo,"Si María Clara ay isinuko ang kanyang pag-ibig kay Ibarra upang igalang ang dangal ng kanyang ina."
Sacrifice,Pag-aalay at Pagsasakripisyo,"Si Elías ay inialay ang kanyang buhay upang iligtas si Ibarra mula sa kapahamakan."
Sacrifice,Pag-aalay at Pagsasakripisyo,"Ang huling habilin ni Elías kay Basilio ay simbolo ng sakripisyong nagbubukas ng pag-asa para sa susunod na henerasyon."
Sacrifice,Pag-aalay at Pagsasakripisyo,"Si Sisa ay nagtiis ng gutom, sakit, at kahihiyan para lamang sa kapakanan ng kanyang mga anak."
Sacrifice,Pag-aalay at Pagsasakripisyo,"Ang mga kabataang rebelde ay nag-alay ng buhay para sa dangal at katarungan ng bayan."
Sacrifice,Pag-aalay at Pagsasakripisyo,"Si Crispin ay nagsakripisyo ng sariling kaligtasan para maprotektahan ang kanyang kapatid na si Basilio."
Sacrifice,Pag-aalay at Pagsasakripisyo,"Ang kabayanihan ni Don Rafael ay nakaugat sa sakripisyong hindi niya piniling lumihis sa prinsipyo kahit kamatayan ang kapalit."
Sacrifice,Pag-aalay at Pagsasakripisyo,"Si Elías ay kumatawan sa sukdulang sakripisyo ng indibidwal para sa kalayaan ng sambayanan."
Privilege,Pribilehiyo,"Si Ibarra ay nakinabang sa kanyang kayamanan at dugong Kastila, na nagbigay sa kanya ng proteksiyon laban sa mga paratang noong una."
Privilege,Pribilehiyo,"Ang kayamanan ni Ibarra ay nagbukas ng pinto sa mga prayle at opisyal, ipinapakita ang kalakip na pribilehiyo ng yaman sa lipunan."
Privilege,Pribilehiyo,"Nang ipatapon si Ibarra, naranasan niya ang pagkawala ng pribilehiyo at nasilayan ang tunay na anyo ng lipunang kolonyal."
Privilege,Pribilehiyo,"Si Elías ay nawala ang kanyang dangal at yaman dahil sa kasaysayan ng kanyang pamilya, patunay kung gaano kadaling mawala ang pribilehiyo."
Privilege,Pribilehiyo,"Ang pribilehiyo ni Kapitan Tiago bilang malapit sa simbahan at pamahalaan ay nakasalalay lamang sa kanyang kayamanan at pag-aalay."
Privilege,Pribilehiyo,"Si Don Rafael ay iginagalang dahil sa kanyang kayamanan ngunit nawalan ng proteksiyon nang siya’y paratangan ng erehe."
Privilege,Pribilehiyo,"Ipinakita ang pribilehiyo ng mga Kastila na higit na pinapaboran kaysa sa mga Indio sa usapin ng hustisya."
Privilege,Pribilehiyo,"Si Doña Victorina ay ginamit ang huwad na pribilehiyo ng pagkukunwari bilang Kastila upang makaangat sa lipunan."
Privilege,Pribilehiyo,"Ang hindi pantay na pribilehiyo sa lipunan ay nagpalalim ng agwat sa pagitan ng mayaman at mahirap."
Privilege,Pribilehiyo,"Ipinakita sa nobela na ang tunay na pribilehiyo ay madaling maglaho kapag naharap sa katiwalian ng sistemang kolonyal."
Isolation,Pag-iisa,"Si Don Rafael ay nawalay sa lipunan matapos siyang paratangan ni Padre Damaso, na nagdulot ng kanyang pagkakakulong at kamatayan."
Isolation,Pag-iisa,"Si Ibarra ay nakaranas ng pag-iisa matapos siyang itakwil at ipatapon, sa kabila ng kanyang hangaring maglingkod sa bayan."
Isolation,Pag-iisa,"Si Pilosopo Tasyo ay ikinulong ang sarili sa mga aklat dahil sa pagturing ng lipunan na siya’y baliw, simbolo ng pag-iisa ng marurunong."
Isolation,Pag-iisa,"Si María Clara ay nawalay sa mundo nang ipasok siya sa kumbento, malayo sa kanyang pamilya at sa kanyang minamahal na si Ibarra."
Isolation,Pag-iisa,"Si Sisa ay nabaon sa pag-iisa matapos mawalan ng mga anak at tuluyang mawalan ng katinuan."
Isolation,Pag-iisa,"Si Elías ay naglakbay nang nag-iisa, tinatakasan ang anino ng nakaraan ng kanyang pamilya."
Isolation,Pag-iisa,"Ang mga bilanggo na pinahirapan ng gwardiya sibil ay sumisimbolo sa pag-iisa ng mga mahihirap na walang kakampi sa hustisya."
Isolation,Pag-iisa,"Ipinakita sa mga libing at sementeryo ang larawan ng pag-iisa, kung saan ang mga bangkay ay inihiwalay batay sa paratang ng simbahan."
Isolation,Pag-iisa,"Si Basilio ay naiwan mag-isa sa huling bahagi ng nobela, sagisag ng susunod na henerasyong magpapatuloy sa laban."
Isolation,Pag-iisa,"Ang mismong pagsulat ni Rizal sa kanyang pagkatapon ay sumasalamin sa tema ng pag-iisa sa gitna ng kolonyalismo."
Revenge,Paghihiganti,"Ninais ni Ibarra na ipaghiganti ang pagkamatay ng kanyang ama laban kay Padre Damaso ngunit pinili niyang kumilos sa paraang reporma."
Revenge,Paghihiganti,"Si Elías ay halos naghangad ng paghihiganti laban sa pamilya ni Ibarra dahil sa nakaraan, ngunit nanaig ang kanyang malasakit sa bayan."
Revenge,Paghihiganti,"Si Tarsilo ay nag-alay ng buhay upang ipaghiganti ang kanyang ama laban sa pang-aabuso ng mga Kastila."
Revenge,Paghihiganti,"Ang alitan nina Padre Salvi at Alperes ay naging anyo ng paghihiganti na nagdulot ng kapahamakan sa mga inosenteng mamamayan."
Revenge,Paghihiganti,"Si Ibarra ay tinukso ni Padre Damaso sa harap ng lahat, na maaaring maging mitsa ng paghihiganti ngunit kanyang pinigilan."
Revenge,Paghihiganti,"Si Crispin at Basilio ay naging biktima ng paghihiganti ng sakristan mayor na nagparatang ng pagnanakaw sa kanila."
Revenge,Paghihiganti,"Ang mga patibong laban kay Don Rafael ay bunga ng paghihiganti ng kanyang mga lihim na kaaway."
Revenge,Paghihiganti,"Ang galit ni Elías sa mga Kastila ay may halong paghihiganti dahil sa kasaysayan ng kanyang pamilya."
Revenge,Paghihiganti,"Ang plano ng mga rebelde ay nakaugat sa paghihiganti laban sa mga mapang-abusong prayle at opisyal."
Revenge,Paghihiganti,"Ipinakita sa nobela na ang paghihiganti ay nagdudulot lamang ng panibagong siklo ng pagdurusa sa lipunan."
Freedom and Patriotism,Kalayaan at Pagmamahal sa Bayan,"Si Ibarra ay nagbalik sa Pilipinas upang magtayo ng paaralan, sagisag ng kalayaan sa pamamagitan ng edukasyon."
Freedom and Patriotism,Kalayaan at Pagmamahal sa Bayan,"Si Elías ay nanindigan para sa kalayaan ng mga api, handang ialay ang buhay para sa bayan."
Freedom and Patriotism,Kalayaan at Pagmamahal sa Bayan,"Ang mga kabataang nais mag-alsa ay kumakatawan sa sigaw ng kalayaan laban sa kolonyal na pang-aapi."
Freedom and Patriotism,Kalayaan at Pagmamahal sa Bayan,"Ang huling habilin ni Elías kay Basilio ay nagpapatuloy ng mithiin ng kalayaan para sa susunod na henerasyon."
Freedom and Patriotism,Kalayaan at Pagmamahal sa Bayan,"Si Don Rafael ay tumindig laban sa simbahan at pamahalaan bilang pagtatanggol sa dignidad ng mga Pilipino."
Freedom and Patriotism,Kalayaan at Pagmamahal sa Bayan,"Ipinakita sa nobela na ang tunay na pagmamahal sa bayan ay nangangailangan ng sakripisyo at tapang."
Freedom and Patriotism,Kalayaan at Pagmamahal sa Bayan,"Ang paglilibing kay Don Rafael nang walang dangal ay simbolo ng kawalan ng kalayaan sa lipunan."
Freedom and Patriotism,Kalayaan at Pagmamahal sa Bayan,"Si Elías ay tumangging sumama sa himagsikan nang walang plano, patunay ng makabayang disiplina at malasakit."
Freedom and Patriotism,Kalayaan at Pagmamahal sa Bayan,"Ang pangarap ni Ibarra na paaralan ay hindi lamang para sa sarili kundi para sa paglaya ng kaisipan ng kabataan."
Freedom and Patriotism,Kalayaan at Pagmamahal sa Bayan,"Ang pagkamatay ni Elías sa lawa ay nagbukas ng panibagong pag-asa sa kalayaan ng bayan."
Colonial Mentality and Social Climbing,Kolonyal na Kaisipan at Paghahangad Umasenso,"Si Doña Victorina ay nagpanggap bilang Kastila upang maituring na mataas ang kanyang antas sa lipunan."
Colonial Mentality and Social Climbing,Kolonyal na Kaisipan at Paghahangad Umasenso,"Si Don Tiburcio ay ginamit bilang kasangkapan ni Doña Victorina sa kanyang paghahangad ng huwad na dangal."
Colonial Mentality and Social Climbing,Kolonyal na Kaisipan at Paghahangad Umasenso,"Si Kapitan Tiago ay ginamit ang koneksiyon sa simbahan upang makaangat at mapanatili ang impluwensiya."
Colonial Mentality and Social Climbing,Kolonyal na Kaisipan at Paghahangad Umasenso,"Ang mga handaan at magagarang kasuotan ay simbolo ng pagpapakita ng huwad na karangyaan sa lipunan."
Colonial Mentality and Social Climbing,Kolonyal na Kaisipan at Paghahangad Umasenso,"Si Doña Consolacion ay nagnanais magmukhang marangal ngunit lumitaw ang kanyang kabastusan at pang-aapi sa mahihirap."
Colonial Mentality and Social Climbing,Kolonyal na Kaisipan at Paghahangad Umasenso,"Si Padre Damaso ay ginamit ang kanyang kapangyarihan upang makipag-ugnayan sa mga maykaya at manatili sa mataas na posisyon."
Colonial Mentality and Social Climbing,Kolonyal na Kaisipan at Paghahangad Umasenso,"Ang kolonyal na kaisipan ay lumitaw sa pagmamaliit ng mga Indio sa sarili nilang kultura at pagpapahalaga sa banyaga."
Colonial Mentality and Social Climbing,Kolonyal na Kaisipan at Paghahangad Umasenso,"Si Doña Victorina ay nagbansag ng huwad na apelyidong Kastila upang pataasin ang sarili sa lipunan."
Colonial Mentality and Social Climbing,Kolonyal na Kaisipan at Paghahangad Umasenso,"Ang pagiging malapit sa prayle ay tiningnan bilang pamantayan ng mataas na antas sa lipunan."
Colonial Mentality and Social Climbing,Kolonyal na Kaisipan at Paghahangad Umasenso,"Ang huwad na dangal ng mga karakter ay nagpapakita ng malalim na sugat ng kolonyal na kaisipan."
"Love, Purity, and Faithfulness","Pag-ibig, Kadalisayan, at Katapatan","Ang pagmamahalan nina Ibarra at María Clara ay sagisag ng dalisay na pag-ibig na nahadlangan ng kapangyarihan ng simbahan."
"Love, Purity, and Faithfulness","Pag-ibig, Kadalisayan, at Katapatan","Si María Clara ay nanatiling tapat kay Ibarra kahit siya ay pinipilit na ipakasal sa iba."
"Love, Purity, and Faithfulness","Pag-ibig, Kadalisayan, at Katapatan","Ang mga liham ni Ibarra kay María Clara ay patunay ng katapatan at pag-ibig na hindi natitinag sa distansya."
"Love, Purity, and Faithfulness","Pag-ibig, Kadalisayan, at Katapatan","Si María Clara ay pumili ng kumbento bilang sakripisyo para mapanatili ang dangal ng kanyang ina at ng kanilang pamilya."
"Love, Purity, and Faithfulness","Pag-ibig, Kadalisayan, at Katapatan","Ang pag-ibig nina Ibarra at María Clara ay nasubok ng mga intriga at kasinungalingan ng simbahan."
"Love, Purity, and Faithfulness","Pag-ibig, Kadalisayan, at Katapatan","Si Elías ay nanatiling tapat sa kanyang tungkulin kay Ibarra, handang ialay ang buhay sa pangalan ng pagkakaibigan."
"Love, Purity, and Faithfulness","Pag-ibig, Kadalisayan, at Katapatan","Si Sisa ay larawan ng isang ina na dalisay ang pagmamahal at katapatan sa kanyang mga anak."
"Love, Purity, and Faithfulness","Pag-ibig, Kadalisayan, at Katapatan","Ang pagpigil kay María Clara sa kanyang sariling kalayaan ay sumira sa kanyang kaligayahan ngunit nagpahayag ng kanyang katapatan sa pamilya."
"Love, Purity, and Faithfulness","Pag-ibig, Kadalisayan, at Katapatan","Ang paninindigan ni Ibarra sa kanyang pag-ibig ay hindi nawala kahit siya ay itinuring na pilibustero."
"Love, Purity, and Faithfulness","Pag-ibig, Kadalisayan, at Katapatan","Ang kabanalan ng pag-ibig ay ipinakita bilang tapat at dalisay ngunit nabahiran ng kasinungalingan at puwersa ng kapangyarihan."
Corruption,Katiwalian,"Si Padre Damaso ay ginamit ang impluwensiya ng simbahan upang parusahan ang pamilya ni Ibarra at ipatapon siya."
Corruption,Katiwalian,"Ang gwardiya sibil ay nagnanakaw at nangongotong sa mga tao bilang bahagi ng kanilang katiwalian."
Corruption,Katiwalian,"Si Doña Consolacion ay nang-abuso ng mga bilanggo gamit ang kanyang kapangyarihan bilang asawa ng Alperes."
Corruption,Katiwalian,"Ginamit ng mga prayle ang abuloy at pista bilang paraan ng pagyaman at katiwalian."
Corruption,Katiwalian,"Si Padre Salvi ay ginamit ang posisyon upang itago ang kanyang pagnanasa kay María Clara."
Corruption,Katiwalian,"Ang pagpapahirap sa mga bilanggo ay larawan ng katiwaliang umiiral sa pamahalaan at simbahan."
Corruption,Katiwalian,"Ang huwad na paglilitis laban kay Don Rafael ay patunay ng sistematikong katiwalian sa hustisya."
Corruption,Katiwalian,"Si Kapitan Tiago ay nakinabang sa sistema ng katiwalian upang mapanatili ang kanyang kayamanan at impluwensiya."
Corruption,Katiwalian,"Ipinakita sa nobela na ang katiwalian ay ugat ng kahirapan at kawalang-katarungan sa lipunan."
Corruption,Katiwalian,"Ang pagkasangkapan ng relihiyon bilang negosyo ay pinakamatingkad na anyo ng katiwalian sa nobela."
Oppression of Women,Pang-aapi sa Kababaihan,"Si María Clara ay pinilit sa kasal na hindi niya gusto upang mapanatili ang dangal ng pamilya."
Oppression of Women,Pang-aapi sa Kababaihan,"Si Doña Victorina ay biktima ng kolonyal na pamantayan ng kagandahan na nagtulak sa kanya na itakwil ang sariling pagkakakilanlan."
Oppression of Women,Pang-aapi sa Kababaihan,"Si Sisa ay inabuso ng kanyang asawa at nawalan ng proteksiyon mula sa lipunan."
Oppression of Women,Pang-aapi sa Kababaihan,"Si Doña Consolacion ay ginamit ang kapangyarihan ng kanyang asawa upang magmalupit sa kapwa babae at alipin."
Oppression of Women,Pang-aapi sa Kababaihan,"Si María Clara ay isinakripisyo ang kanyang kalayaan para sa lihim ng kanyang ina at utos ng simbahan."
Oppression of Women,Pang-aapi sa Kababaihan,"Ang mga babae ay inilarawan bilang walang boses sa mga desisyong panlipunan at panrelihiyon."
Oppression of Women,Pang-aapi sa Kababaihan,"Si Doña Victorina ay nagtago sa huwad na identidad upang maiwasan ang pang-aapi laban sa kanyang pagiging Indio."
Oppression of Women,Pang-aapi sa Kababaihan,"Ang pagpigil kay María Clara na makapili ng sarili niyang landas ay malinaw na anyo ng pang-aapi sa kababaihan."
Oppression of Women,Pang-aapi sa Kababaihan,"Si Sisa ay iniwan ng kanyang asawa at pinabayaan ng lipunan, sagisag ng walang proteksiyon na babae sa kolonya."
Oppression of Women,Pang-aapi sa Kababaihan,"Ang kababaihan sa nobela ay ginamit bilang kasangkapan ng kapangyarihan at dangal ng pamilya, hindi bilang malayang indibidwal."
Hope and Reform,Pag-asa at Reporma,"Ang plano ni Ibarra na paaralan ay simbolo ng pag-asa at reporma para sa kabataan ng bayan."
Hope and Reform,Pag-asa at Reporma,"Si Pilosopo Tasyo ay naniniwala na ang pagbabago ay dumarating sa pamamagitan ng edukasyon at kaisipan ng kabataan."
Hope and Reform,Pag-asa at Reporma,"Si Elías ay umaasang darating ang panahon na makakamtan ng bayan ang tunay na kalayaan."
Hope and Reform,Pag-asa at Reporma,"Si Don Rafael ay larawan ng pag-asa sa makatarungang lipunan bago siya paratangan at ikulong."
Hope and Reform,Pag-asa at Reporma,"Ang pagtutulungan nina Ibarra at Elías ay simbolo ng reporma sa pagitan ng edukasyon at pagkilos."
Hope and Reform,Pag-asa at Reporma,"Ang huling habilin ni Elías kay Basilio ay nagbigay ng pag-asa para sa bagong henerasyon ng mga Pilipino."
Hope and Reform,Pag-asa at Reporma,"Si Ibarra ay naniniwala na ang pagbabago ay posible sa mapayapang paraan ng reporma."
Hope and Reform,Pag-asa at Reporma,"Ang pangarap ni María Clara ng katahimikan ay tanda ng pag-asa sa kabila ng kanyang pagkakakulong sa kumbento."
Hope and Reform,Pag-asa at Reporma,"Si Basilio, bilang naiwang anak, ay sagisag ng patuloy na pag-asa ng bayan para sa kinabukasan."
Hope and Reform,Pag-asa at Reporma,"Ipinakita sa nobela na ang pag-asa at reporma ay mabagal ngunit posible sa kabila ng katiwalian at pang-aapi."
Hospitality,Pagkamapagpatuloy,"Sa tahanan ni Kapitan Tiago, ang pagkamapagpatuloy ay hindi lamang isang asal kundi isang pagpapakita ng dangal at pagnanais na mapanatili ang mataas na tingin ng lipunan sa kanya."
Hospitality,Pagkamapagpatuloy,"Ang bukas na pinto ni Kapitan Tiago sa mga panauhin ay sumisimbolo sa pagnanais niyang maging tulay sa pagitan ng mga Espanyol at mga Pilipino."
Hospitality,Pagkamapagpatuloy,"Sa piging para kay Ibarra, ang pagkamapagpatuloy ay naging maskara ng panlipunang pagpapanggap at paghahangad ng kapangyarihan."
Hospitality,Pagkamapagpatuloy,"Ang mainit na pagtanggap sa mga bisita ay ginamit ni Kapitan Tiago upang patunayan ang kaniyang katapatan sa simbahan at sa pamahalaang kolonyal."
Hospitality,Pagkamapagpatuloy,"Sa ilalim ng marangyang handaan, ipinapakita ng nobela kung paano nagiging instrumento ang pagkamapagpatuloy sa pagpapanatili ng hierarkiyang panlipunan."
Hospitality,Pagkamapagpatuloy,"Sa bawat alay na pagkain at ngiti, makikita ang pagsisikap ni Kapitan Tiago na mapanatili ang mabuting imahe sa harap ng mga paring Espanyol."
Hospitality,Pagkamapagpatuloy,"Ang pagkamapagpatuloy sa bahay ni Tiago ay hindi lamang kabutihang-asal kundi isang taktika upang mapalapit sa mga may kapangyarihan."
Hospitality,Pagkamapagpatuloy,"Ipinakita ng piging na ang pagkamapagpatuloy ay maaaring magtaglay ng pagkukunwari, sapagkat nakaugat ito sa takot at pagnanais ng pagtanggap."
Hospitality,Pagkamapagpatuloy,"Ang handaan ay sumasalamin sa kulturang Pilipinong marunong tumanggap ng bisita, ngunit sa ilalim nito’y nakatagong pagnanais na mapuri at makilala."
Hospitality,Pagkamapagpatuloy,"Sa lipunang pinaghaharian ng mga Espanyol, ang pagkamapagpatuloy ay naging paraan ng mga Pilipino upang mapanatili ang ugnayan at kaligtasan."
Hospitality,Pagkamapagpatuloy,"Ang pagkamapagpatuloy ni Kapitan Tiago ay naging simbolo ng kaniyang pagnanais na mapanatili ang kaniyang impluwensya sa lipunang kolonyal."
Hospitality,Pagkamapagpatuloy,"Sa bawat ngiti at pag-abot ng alak, nakatago ang takot na mawalan ng dangal sa mata ng mga Espanyol."
Hospitality,Pagkamapagpatuloy,"Ang labis na pagkamapagpatuloy ay nagsilbing manipestasyon ng kulturang Pilipinong marunong gumalang, ngunit madaling mapagsamantalahan."
Hospitality,Pagkamapagpatuloy,"Sa ilalim ng mga parol at musika, ipinakita ng nobela kung paanong ang pagkamapagpatuloy ay naging sandata ng mga Pilipino laban sa panghuhusga."
Hospitality,Pagkamapagpatuloy,"Ang kabutihang ipinakita ni Kapitan Tiago sa mga panauhin ay naglalarawan ng matinding pagnanais niyang maging bahagi ng lipunang Espanyol, kahit kapalit ay ang sariling dangal."
Religion,Relihiyon,"Ang relihiyon sa nobela ay ginamit bilang sandata ng mga makapangyarihan upang kontrolin ang damdamin at pag-iisip ng mga mamamayan."
Religion,Relihiyon,"Ipinakita sa tauhan ni Padre Damaso kung paanong ang relihiyon ay nagiging kasangkapan ng pananakot sa halip na pag-ibig sa kapwa."
Religion,Relihiyon,"Sa ilalim ng panlabas na kabanalan ng mga pari, nakatago ang ambisyon, galit, at pagnanais na manatili sa kapangyarihan."
Religion,Relihiyon,"Ang pananampalataya ng mga Pilipino ay ginamit ng simbahan bilang tali upang mapanatili ang kanilang awtoridad sa lipunan."
Religion,Relihiyon,"Sa kabila ng maling paggamit sa relihiyon, ipinakita rin ni Ibarra ang paniniwalang ang tunay na pananampalataya ay dapat maghatid ng kabutihan at kaliwanagan."
Religion,Relihiyon,"Ang simbahan ay naging sentro ng kapangyarihan, kung saan ang takot sa kasalanan ay ginagamit upang mapanatili ang pagsunod ng mga tao."
Religion,Relihiyon,"Ipinapakita sa nobela na ang relihiyon, bagaman banal sa layon, ay madaling madungisan kapag ito’y ginamit para sa pansariling interes."
Religion,Relihiyon,"Ang mga dasal at misa ay nagiging ritwal lamang kapag wala nang tunay na malasakit sa kapwa at hustisya."
Religion,Relihiyon,"Sa pamamagitan ng mga karakter na gaya nina Maria Clara at Padre Damaso, naipakita ang dalawang mukha ng relihiyon: ang dalisay na pananampalataya at ang huwad na kabanalan."
Religion,Relihiyon,"Ang tunay na relihiyon, ayon sa diwa ng nobela, ay yaong nagbubuklod sa tao at nagpapalaya sa isip, hindi yaong nagbubulag at nagpapasunod sa mali."
Religion,Relihiyon,"Ang relihiyon sa lipunang kolonyal ay naging baluti ng mga mapang-api, subalit tanikala naman para sa mga inaapi."
Religion,Relihiyon,"Sa mga sermon ni Padre Damaso, ang salita ng Diyos ay nagiging sandata upang pagtibayin ang takot at pagkakulong ng isip ng mga mamamayan."
Religion,Relihiyon,"Ang pananampalataya ni Maria Clara ay sumasalamin sa dalisay na puso ng Pilipinong naniniwala sa kabutihan kahit sa gitna ng panlilinlang."
Religion,Relihiyon,"Ang pagtalikod ni Ibarra sa bulag na paniniwala ay tanda ng kanyang pagnanais na maunawaan ang Diyos sa pamamagitan ng katuwiran at kabutihan."
Religion,Relihiyon,"Sa nobela, ipinakita na ang tunay na relihiyon ay hindi nasusukat sa dasal o kasuotan, kundi sa gawaing may malasakit at hustisya."
Power and Injustice,Kapangyarihan at Kawalang-Katarungan,"Ang kapangyarihan ng mga Espanyol ay ginamit upang patahimikin ang mga Pilipinong naghangad ng karunungan at kalayaan."
Power and Injustice,Kapangyarihan at Kawalang-Katarungan,"Ipinakita sa nobela kung paanong ang batas ay pumapabor lamang sa may kayamanan at koneksyon sa simbahan."
Power and Injustice,Kapangyarihan at Kawalang-Katarungan,"Ang mga kagaya ni Sisa ay naging biktima ng lipunang walang boses ang mahihirap at pinapabayaan ng makapangyarihan."
Power and Injustice,Kapangyarihan at Kawalang-Katarungan,"Ang mga kura at opisyal ay ginamit ang relihiyon at gobyerno bilang sandata sa pagpapanatili ng kanilang impluwensya at takot."
Power and Injustice,Kapangyarihan at Kawalang-Katarungan,"Sa katahimikan ng mga mamamayan, umuusbong ang kawalang-katarungan na pinapanday ng takot at pag-aalinlangan."
Power and Injustice,Kapangyarihan at Kawalang-Katarungan,"Ang kapangyarihan sa kamay ng iilan ay nagbunga ng sistemang binabaluktot ang katotohanan para sa sariling kapakinabangan."
Power and Injustice,Kapangyarihan at Kawalang-Katarungan,"Ipinakita sa nobela na ang kawalang-katarungan ay hindi lamang gawa ng iisang tao, kundi bunga ng katahimikan ng marami."
Power and Injustice,Kapangyarihan at Kawalang-Katarungan,"Si Elias ay naging tinig ng mga inaapi, na lumaban sa sistemang kumikiling sa mga makapangyarihan."
Power and Injustice,Kapangyarihan at Kawalang-Katarungan,"Ang pagkakakulong ng mga inosente ay patunay na ang batas ay nagiging laruan ng mga may posisyon at kayamanan."
Power and Injustice,Kapangyarihan at Kawalang-Katarungan,"Ang kapangyarihan sa Noli Me Tangere ay ipinakitang isang tabak—maaaring magbigay proteksyon, ngunit mas madalas ay sugat sa mga walang laban."
Power and Injustice,Kapangyarihan at Kawalang-Katarungan,"Ang kapangyarihang ginamit sa maling paraan ay nagiging ugat ng takot, kasinungalingan, at pagkasira ng pagkatao."
Power and Injustice,Kapangyarihan at Kawalang-Katarungan,"Ang mga kawani ng pamahalaan ay nagbulag-bulagan sa katiwalian upang mapanatili ang kanilang komportableng buhay."
Power and Injustice,Kapangyarihan at Kawalang-Katarungan,"Ang paghihirap ni Sisa ay larawan ng kawalang-katarungan na patuloy na binabalewala ng lipunang may dalawang mukha."
Power and Injustice,Kapangyarihan at Kawalang-Katarungan,"Sa katahimikan ng mga walang kapangyarihan, umuusbong ang pagnanasa ng iilan na abusuhin ang kanilang katungkulan."
Power and Injustice,Kapangyarihan at Kawalang-Katarungan,"Ang nobela ay nagsisilbing salamin ng lipunan kung saan ang katarungan ay kalakal at ang mahirap ay laging talunan."
Education,Edukasyon,"Para kay Ibarra, ang edukasyon ay sandata laban sa kamangmangan at kasangkapan sa tunay na kalayaan."
Education,Edukasyon,"Ang pagnanais ni Ibarra na magtayo ng paaralan ay sumisimbolo sa pag-asa ng mga Pilipino na magkaroon ng maliwanag na kinabukasan."
Education,Edukasyon,"Sa kolonyal na lipunan, ang edukasyon ay pribilehiyo lamang ng mayayaman at hindi karapatan ng lahat."
Education,Edukasyon,"Ipinakita sa nobela na ang kakulangan sa edukasyon ay nagbubunga ng bulag na pagsunod at kawalan ng sariling paninindigan."
Education,Edukasyon,"Ang layunin ni Ibarra ay hindi lamang magturo ng pagbasa at pagsulat, kundi magmulat ng isipan at puso tungo sa pagbabago."
Education,Edukasyon,"Ang edukasyon ay naging banta sa mga may kapangyarihang takot mawalan ng kontrol sa mga mamamayan."
Education,Edukasyon,"Sa pamamagitan ng kaalaman, natutong magtanong ang mga Pilipino at kumilos laban sa kawalang-katarungan."
Education,Edukasyon,"Ipinakita ni Rizal na ang tunay na layunin ng edukasyon ay hindi lamang karunungan kundi paghubog ng dangal at kabayanihan."
Education,Edukasyon,"Ang mga paring tutol sa paaralan ni Ibarra ay sumasagisag sa mga puwersang kumakalaban sa kaliwanagan ng isip at progreso."
Education,Edukasyon,"Ang edukasyon ay tulay ng Pilipino mula sa pagkaalipin ng isip tungo sa kalayaan ng pag-unawa at pagkilos."
Education,Edukasyon,"Ang edukasyon sa Noli Me Tangere ay itinuturing na ilaw na nagbibigay-daan sa pagkilala ng katotohanan at katarungan."
Education,Edukasyon,"Sa mga mata ni Ibarra, ang kaalaman ay sagisag ng pag-asa, habang sa mga prayle, ito’y panganib sa kanilang kapangyarihan."
Education,Edukasyon,"Ang pagnanais ni Ibarra na magturo ay larawan ng kabataang Pilipinong naniniwala sa pagbabago sa pamamagitan ng edukasyon."
Education,Edukasyon,"Ipinakita ng nobela na ang tunay na edukasyon ay yaong nagtuturo ng malasakit, kabutihan, at katapangan laban sa maling sistema."
Education,Edukasyon,"Sa lipunang pinamumunuan ng takot, ang edukasyon ay naging lihim na apoy ng rebolusyon at paggising ng diwa ng bayan."
Family and Honor,Pamilya at Dangal,"Sa nobela, ipinakita na ang dangal ng pamilya ay higit na pinahahalagahan kaysa sa kaligayahan ng indibidwal."
Family and Honor,Pamilya at Dangal,"Si Maria Clara ay naging biktima ng lipunang inuuna ang pangalan ng pamilya kaysa sa sariling damdamin."
Family and Honor,Pamilya at Dangal,"Ang pangalan at dangal ni Kapitan Tiago ay naging sandata upang mapanatili ang kaniyang lugar sa lipunan, kahit kapalit ay ang kalayaan ng anak."
Family and Honor,Pamilya at Dangal,"Ang pamilya sa Noli Me Tangere ay simbolo ng pag-ibig at tunggalian, kung saan ang dangal ay madalas nasusubok ng kapangyarihan at hiya."
Family and Honor,Pamilya at Dangal,"Ipinakita ng nobela na ang pagprotekta sa dangal ng pamilya ay maaaring magdulot ng pagkawasak kapag itinuring na mas mahalaga kaysa sa katotohanan."
Family and Honor,Pamilya at Dangal,"Ang pagsunod ni Maria Clara sa kagustuhan ng ama ay sumasalamin sa kulturang Pilipinong inuuna ang dangal ng pamilya kaysa sa sariling kagustuhan."
Family and Honor,Pamilya at Dangal,"Ang dangal ni Don Rafael Ibarra ay sinira ng kasinungalingan at inggit, na nagpakita kung gaano kasensitibo ang lipunan sa reputasyon."
Family and Honor,Pamilya at Dangal,"Ang sakripisyo ni Ibarra para sa pangalan ng kanyang pamilya ay patunay na ang dangal ay hindi lamang sa salita, kundi sa gawa."
Family and Honor,Pamilya at Dangal,"Sa pagitan ng pagmamahal at dangal, madalas pinipili ng mga tauhan ang ikabubuti ng lipunan kaysa sa ikaliligaya ng puso."
Family and Honor,Pamilya at Dangal,"Ang pamilya sa nobela ay nagiging larangan ng tunggalian sa pagitan ng karangalan at katotohanan, pagmamahal at pananagutan."
Family and Honor,Pamilya at Dangal,"Ang pagkasira ng pangalan ni Don Rafael ay nagdulot ng matinding sakit sa kanyang anak, na nagpursigeng maibalik ang dangal ng kanilang pamilya."
Family and Honor,Pamilya at Dangal,"Ipinakita ng nobela na ang dangal ng pamilya ay kayamanang dapat ingatan, ngunit hindi dapat gamitin upang apihin ang iba."
Family and Honor,Pamilya at Dangal,"Ang lihim na pinasan ni Maria Clara ay patunay ng sakripisyong ginagawa ng mga babae para mapanatili ang mabuting pangalan ng pamilya."
Family and Honor,Pamilya at Dangal,"Ang dangal ay nagiging mabigat na tanikala kapag ito’y pinairal nang walang pakundangan sa damdamin at katotohanan."
Family and Honor,Pamilya at Dangal,"Sa huli, ipinakita ng nobela na ang tunay na dangal ay hindi nasusukat sa tingin ng lipunan kundi sa katapatan sa sarili at sa kapwa."
Sacrifice,Pag-aalay at Pagsasakripisyo,"Ang sakripisyo ni Elias ay sumisimbolo sa pag-aalay ng buhay para sa bayan at sa pag-asa ng bagong umaga."
Sacrifice,Pag-aalay at Pagsasakripisyo,"Ipinakita sa nobela na ang tunay na pag-ibig ay madalas nasusukat sa kakayahang magparaya at magsakripisyo."
Sacrifice,Pag-aalay at Pagsasakripisyo,"Ang pagdurusa ni Sisa ay larawan ng isang inang handang tiisin ang lahat alang-alang sa kanyang mga anak."
Sacrifice,Pag-aalay at Pagsasakripisyo,"Sa bawat sakripisyo ng mga tauhan, makikita ang tema ng kabayanihan na nakaugat sa pag-ibig at malasakit."
Sacrifice,Pag-aalay at Pagsasakripisyo,"Ang pagtalikod ni Ibarra sa sarili niyang kaligtasan upang ipaglaban ang karapatan ng bayan ay isang sakripisyong makabayan."
Sacrifice,Pag-aalay at Pagsasakripisyo,"Ang katahimikan ni Maria Clara sa kabila ng sakit ay isang sakripisyong nagmula sa takot, pananampalataya, at pagmamahal."
Sacrifice,Pag-aalay at Pagsasakripisyo,"Ang paglimot ni Elias sa sarili niyang kaligtasan upang mailigtas si Ibarra ay pagpapakita ng dalisay na kabayanihan."
Sacrifice,Pag-aalay at Pagsasakripisyo,"Si Sisa ay larawan ng inang nagsakripisyo ng isip at katawan para lamang mahanap ang kanyang mga anak."
Sacrifice,Pag-aalay at Pagsasakripisyo,"Ang bawat luha at pagdurusa ng mga tauhan ay nagiging binhi ng pag-asa para sa susunod na henerasyon."
Sacrifice,Pag-aalay at Pagsasakripisyo,"Ang sakripisyo sa nobela ay hindi lamang pisikal na pag-aalay, kundi moral na pagtindig sa tama kahit mag-isa."
Sacrifice,Pag-aalay at Pagsasakripisyo,"Ang sakripisyo sa nobela ay bunga ng pag-ibig na handang magdusa alang-alang sa kapakanan ng iba."
Sacrifice,Pag-aalay at Pagsasakripisyo,"Ang mga tauhang tulad nina Elias at Sisa ay nag-alay ng sarili upang buksan ang mata ng lipunan sa kawalang-katarungan."
Sacrifice,Pag-aalay at Pagsasakripisyo,"Sa pagdurusa ni Ibarra, ipinakita ni Rizal na ang tunay na pagbabago ay nangangailangan ng sakripisyo at pagtalikod sa sariling kapakanan."
Sacrifice,Pag-aalay at Pagsasakripisyo,"Ang pagtalikod ni Maria Clara sa pag-ibig ay sakripisyong bunga ng lipunang hindi nagbibigay kalayaan sa kababaihan."
Sacrifice,Pag-aalay at Pagsasakripisyo,"Ang bawat sakripisyong ginawa ng mga tauhan ay nagsilbing paalala na ang pag-asa at kalayaan ay madalas nagmumula sa pagdurusa."
Privilege,Pribilehiyo,"Ang pribilehiyo sa nobela ay naging hadlang sa pagkakapantay-pantay, sapagkat ito ay nakabatay sa dugo, yaman, at koneksyon."
Privilege,Pribilehiyo,"Ang mga kagaya ni Kapitan Tiago ay nakamit ang pribilehiyo sa pamamagitan ng pakikisama sa mga makapangyarihan, hindi sa galing o kabutihan."
Privilege,Pribilehiyo,"Sa lipunang kolonyal, ang pribilehiyo ay ginamit upang patahimikin ang mahihirap at ipagtanggol ang mayayaman."
Privilege,Pribilehiyo,"Ang mga may pribilehiyo ay nakatira sa mga bahay na puno ng karangyaan, samantalang ang masa ay nabubuhay sa gutom at pang-aapi."
Privilege,Pribilehiyo,"Ipinakita ng nobela na ang pribilehiyo ay maaaring maging sumpa kapag ito’y nagbubulag sa tao sa hirap ng kapwa."
Privilege,Pribilehiyo,"Ang pribilehiyo ay naging salamin ng sistemang nagbibigay halaga sa posisyon kaysa sa kabutihan."
Privilege,Pribilehiyo,"Ang mga taong may pribilehiyo ay nagtatago sa likod ng relihiyon upang mapanatili ang kanilang kapangyarihan."
Privilege,Pribilehiyo,"Ang kawalan ng pribilehiyo ay nagdulot ng kawalang-boses sa mga tulad ni Elias, na sinadyang kalimutan ng lipunan."
Privilege,Pribilehiyo,"Ang pribilehiyo ay nagiging dahilan ng pagkakahati ng lipunan—ang mayaman ay nagiging mas makapangyarihan, at ang mahirap ay lalong inaapi."
Privilege,Pribilehiyo,"Ipinakita sa nobela na ang tunay na pribilehiyo ay hindi nasusukat sa ari-arian kundi sa kakayahang magmahal at maglingkod sa kapwa."
Privilege,Pribilehiyo,"Ang pribilehiyo ay naging dahilan upang kalimutan ng mga mayayaman ang kanilang pananagutan sa lipunan."
Privilege,Pribilehiyo,"Ipinakita ng nobela na ang mga ipinanganak sa pribilehiyo ay madalas bulag sa pagdurusa ng mga nasa laylayan."
Privilege,Pribilehiyo,"Ang mga prayleng may pribilehiyo ay ginamit ang pananampalataya bilang sandata ng kontrol, hindi bilang gabay ng kabutihan."
Privilege,Pribilehiyo,"Ang pribilehiyo ay nagiging lason kapag ito’y nagbubunga ng pagmamataas at kawalan ng malasakit sa kapwa."
Privilege,Pribilehiyo,"Sa gitna ng mga nakatataas, ipinakita ni Ibarra na ang tunay na dangal ay hindi nakukuha sa pribilehiyo kundi sa paglilingkod sa bayan."
Isolation,Pag-iisa,"Ang pag-iisa ni Ibarra ay sumisimbolo sa kalagayan ng mga taong nangarap ng pagbabago ngunit hindi naunawaan ng lipunan."
Isolation,Pag-iisa,"Si Sisa ay larawan ng isang inang iniwan ng lipunan, nakulong sa kalungkutan at kawalan ng pag-asa."
Isolation,Pag-iisa,"Ang mga tauhan sa nobela ay nakararanas ng pag-iisa hindi dahil sa pisikal na layo, kundi dahil sa kawalan ng katarungan at malasakit."
Isolation,Pag-iisa,"Ang pag-iisa ni Elias ay tanda ng kaniyang pagiging banyaga sa lipunang hindi marunong pakinggan ang katotohanan."
Isolation,Pag-iisa,"Sa gitna ng marangyang lipunan, ang pag-iisa ay nagiging tahimik na parusa sa mga pusong naghahangad ng kalayaan at katotohanan."
Isolation,Pag-iisa,"Ang pag-iisa ni Maria Clara sa kumbento ay simbolo ng kababaihang ikinulong ng lipunan sa mga tradisyon at takot."
Isolation,Pag-iisa,"Ang katahimikan ni Ibarra matapos mawala ang kaniyang ama ay larawan ng pag-iisang dulot ng kawalan at pagkadismaya sa mundo."
Isolation,Pag-iisa,"Ang pag-iisa ay nagiging paraan ng pagninilay, kung saan natutuklasan ng tao ang sarili sa gitna ng kalungkutan."
Isolation,Pag-iisa,"Ang paglayo ni Elias sa lipunan ay hindi kawalan ng pag-asa, kundi paghahanap ng kapayapaan sa gitna ng kaguluhan."
Isolation,Pag-iisa,"Sa lipunang puno ng ingay at pagpapanggap, ang pag-iisa ay nagiging kanlungan ng mga tapat na puso."
Isolation,Pag-iisa,"Ang pag-iisa ni Ibarra ay naging bunga ng kaniyang mga ideyal na hindi maunawaan ng mga taong nakasanayan ang bulag na pagsunod."
Isolation,Pag-iisa,"Si Sisa ay iniwan hindi lamang ng pamilya kundi ng lipunang walang malasakit sa kabaliwan ng isang inang nagmamahal."
Isolation,Pag-iisa,"Ang pag-iisa ay nagiging kasintulad ng pagkakakulong—isang tahimik na kaparusahan para sa mga marunong mag-isip."
Isolation,Pag-iisa,"Ang mga karakter na pinili ang pag-iisa ay nagsilbing salamin ng mga taong handang tiisin ang sakit upang manatiling totoo sa sarili."
Isolation,Pag-iisa,"Sa dulo ng nobela, ang pag-iisa ay naging simbolo ng paglinis—isang pag-urong mula sa lipunan upang muling makahanap ng pag-asa."
Revenge,Paghihiganti,"Ang paghihiganti ni Elias ay bunga ng mga kasalanang ginawa sa kanyang pamilya ng mga makapangyarihang nagmalupit."
Revenge,Paghihiganti,"Ipinakita ng nobela na ang paghihiganti ay nag-uugat sa sugat ng kawalang-katarungan na hindi kailanman pinakinggan."
Revenge,Paghihiganti,"Ang pagnanais ni Ibarra na ipagtanggol ang dangal ng kanyang ama ay umusbong mula sa sakit at paghihiganti."
Revenge,Paghihiganti,"Sa halip na magdulot ng ginhawa, ang paghihiganti ay nagdulot ng higit na lungkot at pagkawasak sa mga tauhan."
Revenge,Paghihiganti,"Ang paghihiganti sa Noli Me Tangere ay nagsisilbing babala na ang galit ay nagbubunga ng kapahamakan kapag hindi pinairal ng katwiran."
Revenge,Paghihiganti,"Ang paghihiganti ay naging apoy na unti-unting tumupok sa kaluluwa ng mga taong minsang umasa sa katarungan."
Revenge,Paghihiganti,"Si Elias ay piniling ilaan ang kanyang buhay sa paghihiganti hindi para sa sarili, kundi para sa mga walang tinig na inaapi."
Revenge,Paghihiganti,"Ang paghihiganti ay nagiging sumpa kapag ito’y pinairal ng galit at hindi ng kabutihan."
Revenge,Paghihiganti,"Ipinakita ni Rizal na ang tunay na katarungan ay hindi makakamtan sa dahas kundi sa pagkilala ng katotohanan."
Revenge,Paghihiganti,"Ang paghihiganti sa nobela ay hindi lamang laban sa tao kundi laban sa sistemang nagpalaganap ng kasamaan."
Revenge,Paghihiganti,"Ang paghihiganti ni Ibarra ay nauwi sa pagkasawi, ipinapakita na ang galit ay hindi kailanman magdudulot ng tunay na kapayapaan."
Revenge,Paghihiganti,"Ang paghihiganti ay nagiging bulag kapag pinairal ng damdamin at hindi ng katwiran."
Revenge,Paghihiganti,"Sa puso ni Elias, ang paghihiganti ay naging paraan ng pagtutuwid sa kasaysayan ng pang-aapi ng kanyang lahi."
Revenge,Paghihiganti,"Ipinakita ng nobela na sa bawat paghihiganti ay may kasamang sakripisyo at pagkasira ng sarili."
Revenge,Paghihiganti,"Ang tunay na tagumpay laban sa kasamaan ay hindi paghihiganti, kundi ang pagbangon at paglalantad ng katotohanan."
Freedom and Patriotism,Kalayaan at Pagmamahal sa Bayan,"Ang kalayaan sa nobela ay hindi lamang pisikal na paglaya kundi pag-alis sa tanikala ng kamangmangan at takot."
Freedom and Patriotism,Kalayaan at Pagmamahal sa Bayan,"Si Ibarra ay naging sagisag ng kabataang naniniwala na ang edukasyon ang daan tungo sa kalayaan ng bayan."
Freedom and Patriotism,Kalayaan at Pagmamahal sa Bayan,"Ang pagmamahal sa bayan ay nasusukat hindi sa salita, kundi sa kakayahang magsakripisyo para sa ikabubuti ng lahat."
Freedom and Patriotism,Kalayaan at Pagmamahal sa Bayan,"Ipinakita ni Rizal na ang kalayaan ay hindi ibinibigay ng mga dayuhan kundi ipinaglalaban ng mga may paninindigan."
Freedom and Patriotism,Kalayaan at Pagmamahal sa Bayan,"Ang mga pangarap ni Ibarra para sa paaralan ay sumisimbolo sa pag-asa ng isang bayan na muling babangon."
Freedom and Patriotism,Kalayaan at Pagmamahal sa Bayan,"Ang pagmamahal sa bayan ay hindi lamang sa panahon ng tagumpay, kundi higit sa lahat sa oras ng pagsubok at pagkatalo."
Freedom and Patriotism,Kalayaan at Pagmamahal sa Bayan,"Si Elias ay nag-alay ng buhay upang ipaglaban ang kalayaang ipinagkait sa mga maralita at naaapi."
Freedom and Patriotism,Kalayaan at Pagmamahal sa Bayan,"Ipinakita ng nobela na ang kalayaan ay bunga ng pagkakaisa at pagkamulat ng bawat mamamayan."
Freedom and Patriotism,Kalayaan at Pagmamahal sa Bayan,"Ang kalayaan ay hindi lamang karapatan, kundi pananagutan na panatilihin ang dangal at pagkakaisa ng bayan."
Freedom and Patriotism,Kalayaan at Pagmamahal sa Bayan,"Sa puso ng bawat Pilipino, ang pagmamahal sa bayan ay nagiging ilaw sa dilim ng pananakop at pang-aapi."
Freedom and Patriotism,Kalayaan at Pagmamahal sa Bayan,"Ang kalayaan ay hindi lamang laban sa pananakop, kundi sa takot at kawalang-paniwala sa sariling kakayahan ng bayan."
Freedom and Patriotism,Kalayaan at Pagmamahal sa Bayan,"Ang dugo at pawis ng mga kagaya ni Elias ay naging binhi ng pagkabansang Pilipino."
Freedom and Patriotism,Kalayaan at Pagmamahal sa Bayan,"Ang nobela ay nagsilbing paalala na ang tunay na pagmamahal sa bayan ay ang pagnanais na baguhin ito para sa kabutihan ng lahat."
Freedom and Patriotism,Kalayaan at Pagmamahal sa Bayan,"Ang kalayaan ay hindi regalo kundi bunga ng pagkakaisa, tapang, at karunungan ng mga mamamayan."
Freedom and Patriotism,Kalayaan at Pagmamahal sa Bayan,"Sa huli, ipinakita ni Rizal na ang pinakamataas na anyo ng pagmamahal sa bayan ay ang pag-aalay ng buhay para sa katotohanan at kalayaan."
Colonial Mentality and Social Climbing,Kolonyal na Kaisipan at Paghahangad Umasenso,"Ang kolonyal na kaisipan ay nagtulak sa mga Pilipino na hangaan ang banyaga at maliitin ang sariling kultura."
Colonial Mentality and Social Climbing,Kolonyal na Kaisipan at Paghahangad Umasenso,"Si Kapitan Tiago ay larawan ng Pilipinong handang isuko ang dangal upang mapabilang sa lipunang Espanyol."
Colonial Mentality and Social Climbing,Kolonyal na Kaisipan at Paghahangad Umasenso,"Ang paghahangad umasenso ay nagdulot ng labis na pagpapanggap at pagkakahiwalay ng mga tao sa kanilang ugat bilang Pilipino."
Colonial Mentality and Social Climbing,Kolonyal na Kaisipan at Paghahangad Umasenso,"Ang mga piging at marangyang kasuotan ay naging simbolo ng kolonyal na panlasa at pagkukunwari sa lipunan."
Colonial Mentality and Social Climbing,Kolonyal na Kaisipan at Paghahangad Umasenso,"Ipinakita ng nobela na ang kolonyal na kaisipan ay isang tanikala ng isip na pumipigil sa tunay na pagkakakilanlan ng bayan."
Colonial Mentality and Social Climbing,Kolonyal na Kaisipan at Paghahangad Umasenso,"Ang mga Pilipinong may kolonyal na kaisipan ay nagsusuot ng banyagang anyo ngunit nananatiling alipin sa sarili nilang bayan."
Colonial Mentality and Social Climbing,Kolonyal na Kaisipan at Paghahangad Umasenso,"Ang pagnanais ni Kapitan Tiago na makisalamuha sa mga Espanyol ay patunay ng kulturang nagpapahalaga sa anyo kaysa sa dangal."
Colonial Mentality and Social Climbing,Kolonyal na Kaisipan at Paghahangad Umasenso,"Ang mga Pilipinong nagpapanggap bilang banyaga ay simbolo ng pagkawala ng tiwala sa sariling lahi."
Colonial Mentality and Social Climbing,Kolonyal na Kaisipan at Paghahangad Umasenso,"Sa lipunang kolonyal, ang kayamanan at koneksyon ay ginamit bilang susi upang makamit ang respeto ng mga dayuhan."
Colonial Mentality and Social Climbing,Kolonyal na Kaisipan at Paghahangad Umasenso,"Ang nobela ay nagsisilbing paalala na ang tunay na pag-asenso ay nasa pagyakap sa sariling pagkakakilanlan, hindi sa panggagaya sa banyaga."
Colonial Mentality and Social Climbing,Kolonyal na Kaisipan at Paghahangad Umasenso,"Ang kolonyal na kaisipan ay nagtulak sa mga Pilipinong ituring na sukatan ng tagumpay ang paglapit sa mga banyaga."
Colonial Mentality and Social Climbing,Kolonyal na Kaisipan at Paghahangad Umasenso,"Ang pagpapanggap ng mga Pilipino bilang mas ‘sibilisado’ ay paraan upang itago ang kanilang takot na maapi o mapahiya."
Colonial Mentality and Social Climbing,Kolonyal na Kaisipan at Paghahangad Umasenso,"Ang mga taong may kolonyal na kaisipan ay nawalan ng kakayahang mahalin ang sariling bayan sapagkat mas pinipili nilang tularan ang dayuhan."
Colonial Mentality and Social Climbing,Kolonyal na Kaisipan at Paghahangad Umasenso,"Sa lipunang puno ng pagpapanggap, ang tunay na dangal ay nasusukat sa katapatan sa sariling pinagmulan."
Colonial Mentality and Social Climbing,Kolonyal na Kaisipan at Paghahangad Umasenso,"Ipinakita ni Rizal na ang pinakamalaking pagkaalipin ay yaong nangyayari sa isipan—ang paniniwalang mas mababa ang sariling lahi."
"Love, Purity, and Faithfulness","Pag-ibig, Kadalisayan, at Katapatan","Ang pag-ibig ni Ibarra at Maria Clara ay sagisag ng dalisay na pagmamahalan na nasupil ng kapangyarihan at takot."
"Love, Purity, and Faithfulness","Pag-ibig, Kadalisayan, at Katapatan","Si Maria Clara ay larawan ng kadalisayan at tapat na puso na handang magsakripisyo alang-alang sa pamilya at pananampalataya."
"Love, Purity, and Faithfulness","Pag-ibig, Kadalisayan, at Katapatan","Ang pag-ibig sa nobela ay hindi lamang damdamin, kundi tunggalian ng katapatan at tungkulin."
"Love, Purity, and Faithfulness","Pag-ibig, Kadalisayan, at Katapatan","Ang dalisay na pag-ibig ay pinatibay ng pananampalataya, ngunit pinahina ng kasinungalingan ng lipunan."
"Love, Purity, and Faithfulness","Pag-ibig, Kadalisayan, at Katapatan","Ipinakita ng nobela na ang tunay na pag-ibig ay nananatili kahit sa pagitan ng mga pader ng paghihiwalay at pagkukunwari."
"Love, Purity, and Faithfulness","Pag-ibig, Kadalisayan, at Katapatan","Ang pag-ibig ni Ibarra at Maria Clara ay sagisag ng dalisay na pagmamahalan na nasupil ng kapangyarihan at takot."
"Love, Purity, and Faithfulness","Pag-ibig, Kadalisayan, at Katapatan","Si Maria Clara ay larawan ng kadalisayan at tapat na puso na handang magsakripisyo alang-alang sa pamilya at pananampalataya."
"Love, Purity, and Faithfulness","Pag-ibig, Kadalisayan, at Katapatan","Ang pag-ibig sa nobela ay hindi lamang damdamin, kundi tunggalian ng katapatan at tungkulin."
"Love, Purity, and Faithfulness","Pag-ibig, Kadalisayan, at Katapatan","Ang dalisay na pag-ibig ay pinatibay ng pananampalataya, ngunit pinahina ng kasinungalingan ng lipunan."
"Love, Purity, and Faithfulness","Pag-ibig, Kadalisayan, at Katapatan","Ipinakita ng nobela na ang tunay na pag-ibig ay nananatili kahit sa pagitan ng mga pader ng paghihiwalay at pagkukunwari."
"Love, Purity, and Faithfulness","Pag-ibig, Kadalisayan, at Katapatan","Ang pag-ibig sa nobela ay dalisay sapagkat ito’y umiiral kahit sa gitna ng kawalang-katarungan at paghihiwalay."
"Love, Purity, and Faithfulness","Pag-ibig, Kadalisayan, at Katapatan","Ang katapatan ni Maria Clara sa kanyang pangako kay Ibarra ay naging sagisag ng kababaihang matatag sa kabila ng pagdurusa."
"Love, Purity, and Faithfulness","Pag-ibig, Kadalisayan, at Katapatan","Sa pagkawasak ng kanilang pag-ibig, ipinakita ni Rizal na ang kadalisayan ay nananatiling buhay sa puso ng mga tapat."
"Love, Purity, and Faithfulness","Pag-ibig, Kadalisayan, at Katapatan","Ang pag-ibig ni Maria Clara ay hindi nasira ng panlilinlang; ito’y naging alaala ng paninindigan at dangal."
"Love, Purity, and Faithfulness","Pag-ibig, Kadalisayan, at Katapatan","Ang katapatan sa nobela ay umabot lampas sa kamatayan—isang patunay na ang tunay na pag-ibig ay walang hanggan."
Corruption,Katiwalian,"Ang katiwalian sa nobela ay ipinakita sa mga pinunong ginamit ang kapangyarihan para sa pansariling kapakinabangan."
Corruption,Katiwalian,"Ang mga prayle ay sumisimbolo sa katiwaliang moral, ginamit ang relihiyon bilang takip sa kanilang kasakiman."
Corruption,Katiwalian,"Ipinakita ni Rizal na ang katiwalian ay nag-ugat sa takot, kamangmangan, at kawalan ng pananagutan ng mga pinuno."
Corruption,Katiwalian,"Ang sistema ng gobyerno sa nobela ay puno ng pandaraya at pakikipagsabwatan sa mga mayayaman at makapangyarihan."
Corruption,Katiwalian,"Ang katiwalian ay nagdulot ng kawalan ng tiwala ng mga mamamayan sa hustisya at sa mismong simbahan."
Corruption,Katiwalian,"Ang katiwalian ay naging ugat ng pagdurusa ng mga Pilipino, dahil sa mga pinunong inuuna ang sarili kaysa sa bayan."
Corruption,Katiwalian,"Ang mga prayleng mapagkunwari ay ginamit ang kaban ng simbahan bilang kasangkapan ng kanilang luho at impluwensya."
Corruption,Katiwalian,"Ang kawalan ng pananagutan ng mga opisyal ay nagpapatibay sa kulturang tiwali at bulok na sistema ng pamahalaan."
Corruption,Katiwalian,"Ipinakita ni Rizal na ang katiwalian ay hindi lamang nasa pamahalaan, kundi sa puso ng mga taong takot lumaban sa mali."
Corruption,Katiwalian,"Ang katiwalian ay sumisira hindi lamang sa batas kundi sa dangal at moralidad ng buong lipunan."
Corruption,Katiwalian,"Ang katiwalian sa nobela ay hindi lamang gawa ng mga may kapangyarihan, kundi ng katahimikan ng mga taong natutong makibagay."
Corruption,Katiwalian,"Ang sistemang kolonyal ay naging pugad ng katiwalian, kung saan ang hustisya ay naipagbibili sa may kayamanan."
Corruption,Katiwalian,"Ang katiwalian ng mga pinuno ay salamin ng isang lipunang nakalimot sa tunay na diwa ng paglilingkod."
Corruption,Katiwalian,"Sa bawat kasinungalingan at pandaraya, unti-unting nawawala ang pag-asa ng mga mamamayang naghahangad ng pagbabago."
Corruption,Katiwalian,"Ang nobela ay nagsilbing babala ni Rizal na ang katiwalian, kapag hindi nilabanan, ay nagiging pamantayan ng lipunan."
Oppression of Women,Pang-aapi sa Kababaihan,"Ang kababaihan sa nobela ay ipinakita bilang biktima ng lipunang pinamumunuan ng mga lalaking makasarili at mapanghusga."
Oppression of Women,Pang-aapi sa Kababaihan,"Si Maria Clara ay sumasagisag sa kababaihang inaalisan ng kalayaan at tinatali sa mga kautusan ng simbahan."
Oppression of Women,Pang-aapi sa Kababaihan,"Ang pagdurusa ni Sisa ay larawan ng kababaihang nawalan ng boses sa harap ng pang-aabuso at kawalang-katarungan."
Oppression of Women,Pang-aapi sa Kababaihan,"Ang lipunan sa nobela ay nagturo na ang babae ay dapat masunurin at tahimik, na nagiging dahilan ng kanilang pagdurusa."
Oppression of Women,Pang-aapi sa Kababaihan,"Ipinakita ni Rizal na ang pang-aapi sa kababaihan ay hindi lamang pisikal kundi emosyonal at espiritwal."
Oppression of Women,Pang-aapi sa Kababaihan,"Ang mga babae sa nobela ay tinuruan ng lipunan na tumahimik, kaya’t ang kanilang sakit ay nanatiling lihim na sigaw."
Oppression of Women,Pang-aapi sa Kababaihan,"Si Sisa ay naging simbolo ng inaapi at inaping ina, na ang tanging sandata ay pagmamahal sa kanyang mga anak."
Oppression of Women,Pang-aapi sa Kababaihan,"Ang kababaihan ay ginamit bilang kasangkapan ng simbahan upang mapanatili ang imahe ng kabanalan at pagsunod."
Oppression of Women,Pang-aapi sa Kababaihan,"Ang pagkakakulong ni Maria Clara sa kumbento ay sagisag ng kawalan ng kalayaan ng kababaihang Pilipina sa panahong kolonyal."
Oppression of Women,Pang-aapi sa Kababaihan,"Sa katahimikan ng kababaihan, makikita ang pinakatapat na anyo ng paghihirap at pagtitiis sa lipunang mapanghusga."
Oppression of Women,Pang-aapi sa Kababaihan,"Ang kababaihan sa nobela ay biktima ng sistemang nagpapanggap na moral, ngunit tunay na mapang-api."
Oppression of Women,Pang-aapi sa Kababaihan,"Ang katahimikan ni Maria Clara ay nagtatago ng daing ng mga kababaihang walang karapatang pumili ng sariling kapalaran."
Oppression of Women,Pang-aapi sa Kababaihan,"Ang pang-aapi sa kababaihan ay nagsimula sa paniniwalang ang babae ay dapat manatiling masunurin at walang boses."
Oppression of Women,Pang-aapi sa Kababaihan,"Si Rizal ay gumamit ng mga babaeng karakter upang ipakita na ang kababaihan ay may dignidad at kakayahang magmahal nang wagas, kahit inaapi."
Oppression of Women,Pang-aapi sa Kababaihan,"Ang nobela ay panawagan upang kilalanin ang kababaihan hindi bilang pag-aari ng lipunan, kundi bilang haligi ng karangalan at pagbabago."
Hope and Reform,Pag-asa at Reporma,"Ang pagnanais ni Ibarra na magtayo ng paaralan ay sagisag ng pag-asa sa pagbabago sa pamamagitan ng edukasyon."
Hope and Reform,Pag-asa at Reporma,"Ang reporma sa nobela ay hindi bunga ng dahas kundi ng kabatiran at pagkakaisa ng mamamayan."
Hope and Reform,Pag-asa at Reporma,"Ipinakita ni Rizal na sa kabila ng pang-aapi, nananatiling buhay ang pag-asa sa puso ng mga taong naniniwala sa kabutihan."
Hope and Reform,Pag-asa at Reporma,"Si Elias ay nanindigan na ang tunay na reporma ay nagsisimula sa loob—sa pagbabago ng isip at puso ng tao."
Hope and Reform,Pag-asa at Reporma,"Ang pag-asa sa nobela ay liwanag na patuloy na nagniningning kahit sa gitna ng dilim ng kawalang-katarungan."
Hope and Reform,Pag-asa at Reporma,"Ang pag-asa ay nananatiling sandigan ng mga tauhan kahit paulit-ulit silang biguin ng lipunan."
Hope and Reform,Pag-asa at Reporma,"Ipinakita ng nobela na ang tunay na reporma ay nangangailangan ng tapang at pagtitiwala sa kapangyarihan ng kabutihan."
Hope and Reform,Pag-asa at Reporma,"Ang kabiguan ni Ibarra ay hindi katapusan, kundi simula ng panibagong pag-asa para sa bayan."
Hope and Reform,Pag-asa at Reporma,"Ang reporma ay hindi makakamtan hangga’t nananatiling bulag ang lipunan sa pang-aabuso at kasinungalingan."
Hope and Reform,Pag-asa at Reporma,"Sa bawat pagkadapa ng mga tauhan, ipinakita ni Rizal na may muling pagbangon at pag-asang hindi kailanman namamatay."
Hope and Reform,Pag-asa at Reporma,"Ang pag-asa ni Ibarra ay umusbong sa paniniwalang kayang baguhin ng kabataan ang kinabukasan ng bayan."
Hope and Reform,Pag-asa at Reporma,"Ang reporma ay bunga ng pagkakaisa at pagkilos, hindi ng takot o bulag na pagsunod."
Hope and Reform,Pag-asa at Reporma,"Sa bawat pagdurusa, lumilitaw ang pag-asa na may araw ding gigising ang lipunan sa katotohanan."
Hope and Reform,Pag-asa at Reporma,"Ang pag-asa sa nobela ay naging kalasag laban sa pang-aapi at simbolo ng panibagong umaga para sa mga Pilipino."
Hope and Reform,Pag-asa at Reporma,"Ipinakita ni Rizal na ang tunay na reporma ay nagsisimula sa pagkamulat ng bawat puso tungo sa pagkakaisa at katarungan."